year,problem,paper_code,title,source,author,publish_date,content_type,official_page_url,direct_pdf_url,page_image_count,official_id,catalog_name,metadata_url,alternate_official_page_urls,duplicate_official_ids,duplicate_count,status,error
2012,A,,A335——2012高教社杯全国大学生数学建模竞赛,中国大学生在线,,2012-10-30,Article,https://dxs.moe.gov.cn/zx/a/hd_sxjm_sxjmlw_2012qgdxssxjmjslwzs/121030/1191829.shtml,https://dxs.moe.gov.cn/zx/json/2012/1030/1351602942417.pdf,0,1191829,2012全国大学生数学建模竞赛论文展示,https://dxs.moe.gov.cn/zx/json/a/hd_sxjm_sxjmlw_2012qgdxssxjmjslwzs/121030/1191829.json,,,1,official_pdf,
2012,A,,A441——2012高教社杯全国大学生数学建模竞赛,中国大学生在线,,2021-06-04,Article,https://dxs.moe.gov.cn/zx/a/hd_sxjm_sxjmlw_2012qgdxssxjmjslwzs/210604/1699440.shtml,https://dxs.moe.gov.cn/zx/json/2012/1030/1351603512739.pdf,0,1699440,2012全国大学生数学建模竞赛论文展示,https://dxs.moe.gov.cn/zx/json/a/hd_sxjm_sxjmlw_2012qgdxssxjmjslwzs/210604/1699440.json,,,1,official_pdf,
2012,B,,B017——2012高教社杯全国大学生数学建模竞赛,中国大学生在线,,2021-06-03,Article,https://dxs.moe.gov.cn/zx/a/hd_sxjm_sxjmlw_2012qgdxssxjmjslwzs/210603/1699242.shtml,,0,1699242,2012全国大学生数学建模竞赛论文展示,https://dxs.moe.gov.cn/zx/json/a/hd_sxjm_sxjmlw_2012qgdxssxjmjslwzs/210603/1699242.json,,,1,official_page_only,
2013,,,北京市水资源短缺风险综合评价模型-厦门大学,中国大学生在线,,2021-09-08,Article,https://dxs.moe.gov.cn/zx/a/hd_sxjm_sxjmlw_2013qgdxssxjmjslwzs/210908/1700250.shtml,,0,1700250,2013全国大学生数学建模竞赛论文展示,https://dxs.moe.gov.cn/zx/json/a/hd_sxjm_sxjmlw_2013qgdxssxjmjslwzs/210908/1700250.json,,,1,official_page_only,
2013,,,古塔的变形-成都工业学院,全国大学生数学建模竞赛组委会,,2022-08-08,Article,https://dxs.moe.gov.cn/zx/a/hd_sxjm_sxjmlw_2013qgdxssxjmjslwzs/220808/1700221.shtml,,0,1700221,2013全国大学生数学建模竞赛论文展示,https://dxs.moe.gov.cn/zx/json/a/hd_sxjm_sxjmlw_2013qgdxssxjmjslwzs/220808/1700221.json,,,1,official_page_only,
2013,,,垃圾分类处理与清运方案设计-南京大学,高等教育出版社,,2021-09-08,Article,https://dxs.moe.gov.cn/zx/a/hd_sxjm_sxjmlw_2013qgdxssxjmjslwzs/210908/1700251.shtml,https://dxs.moe.gov.cn/zx/json/2013/1107/1383826192618.pdf,0,1700251,2013全国大学生数学建模竞赛论文展示,https://dxs.moe.gov.cn/zx/json/a/hd_sxjm_sxjmlw_2013qgdxssxjmjslwzs/210908/1700251.json,,,1,official_pdf,
2013,,,城市公共自行车服务系统运行状况和效率分析,全国大学生数学建模竞赛组委会,,2021-09-08,Article,https://dxs.moe.gov.cn/zx/a/hd_sxjm_sxjmlw_2013qgdxssxjmjslwzs/210908/1700213.shtml,,0,1700213,2013全国大学生数学建模竞赛论文展示,https://dxs.moe.gov.cn/zx/json/a/hd_sxjm_sxjmlw_2013qgdxssxjmjslwzs/210908/1700213.json,,,1,official_page_only,
2013,,,碎纸复原模型与算法-广东财经大学,全国大学生数学建模竞赛组委会,,2022-08-08,Article,https://dxs.moe.gov.cn/zx/a/hd_sxjm_sxjmlw_2013qgdxssxjmjslwzs/220808/1700247.shtml,https://dxs.moe.gov.cn/zx/json/2013/1112/1384235826335.pdf,0,1700247,2013全国大学生数学建模竞赛论文展示,https://dxs.moe.gov.cn/zx/json/a/hd_sxjm_sxjmlw_2013qgdxssxjmjslwzs/220808/1700247.json,,,1,official_pdf,
2013,,,碎纸片的拼接复原-西南交通大学,全国大学生数学建模竞赛组委会,,2022-08-08,Article,https://dxs.moe.gov.cn/zx/a/hd_sxjm_sxjmlw_2013qgdxssxjmjslwzs/220808/1700228.shtml,,0,1700228,2013全国大学生数学建模竞赛论文展示,https://dxs.moe.gov.cn/zx/json/a/hd_sxjm_sxjmlw_2013qgdxssxjmjslwzs/220808/1700228.json,,,1,official_page_only,
2013,,,车道被占用对城市道路通行能力的影响-华南理工大学,全国大学生数学建模竞赛组委会,,2022-08-08,Article,https://dxs.moe.gov.cn/zx/a/hd_sxjm_sxjmlw_2013qgdxssxjmjslwzs/220808/1700246.shtml,,0,1700246,2013全国大学生数学建模竞赛论文展示,https://dxs.moe.gov.cn/zx/json/a/hd_sxjm_sxjmlw_2013qgdxssxjmjslwzs/220808/1700246.json,,,1,official_page_only,
2013,,,车道被占用对城市道路通行能力的影响-周晨阳周登岳孔垂烨,全国大学生数学建模竞赛组委会,,2022-08-08,Article,https://dxs.moe.gov.cn/zx/a/hd_sxjm_sxjmlw_2013qgdxssxjmjslwzs/220808/1700244.shtml,,0,1700244,2013全国大学生数学建模竞赛论文展示,https://dxs.moe.gov.cn/zx/json/a/hd_sxjm_sxjmlw_2013qgdxssxjmjslwzs/220808/1700244.json,,,1,official_page_only,
2014,A,1A1102-A377-,1A1102-A377-嫦娥三号软着陆轨道设计与控制策略-中国计量学院-论文,全国大学生数学建模竞赛组委会,,2022-08-09,Image,https://dxs.moe.gov.cn/zx/a/hd_sxjm_sxjmlw_2014qgdxssxjmjslwzs/220809/1700785.shtml,,39,1700785,2014全国大学生数学建模竞赛论文展示,https://dxs.moe.gov.cn/zx/json/a/hd_sxjm_sxjmlw_2014qgdxssxjmjslwzs/220809/1700785.json,,,1,official_image_pages,
2014,A,1A1108-A499,1A1108-A499嫦娥三号软着陆轨道设计与控制策略-浙江工业大学-论文,全国大学生数学建模竞赛组委会,,2022-08-09,Image,https://dxs.moe.gov.cn/zx/a/hd_sxjm_sxjmlw_2014qgdxssxjmjslwzs/220809/1700772.shtml,,28,1700772,2014全国大学生数学建模竞赛论文展示,https://dxs.moe.gov.cn/zx/json/a/hd_sxjm_sxjmlw_2014qgdxssxjmjslwzs/220809/1700772.json,https://dxs.moe.gov.cn/zx/a/hd_sxjm_sxjmlw_2014qgdxssxjmjslwzs/220809/1700773.shtml,1700772 | 1700773,2,official_image_pages,
2014,A,1A1509-A012,1A1509-A012嫦娥三号软着陆轨道设计与控制策略-山东大学-论文,全国大学生数学建模竞赛组委会,,2022-08-09,Image,https://dxs.moe.gov.cn/zx/a/hd_sxjm_sxjmlw_2014qgdxssxjmjslwzs/220809/1700764.shtml,,32,1700764,2014全国大学生数学建模竞赛论文展示,https://dxs.moe.gov.cn/zx/json/a/hd_sxjm_sxjmlw_2014qgdxssxjmjslwzs/220809/1700764.json,,,1,official_image_pages,
2014,A,1A1917-A398,1A1917-A398嫦娥三号软着陆轨道设计与控制策略-华南农业大学-论文下载,全国大学生数学建模竞赛组委会,,2022-08-09,Article,https://dxs.moe.gov.cn/zx/a/hd_sxjm_sxjmlw_2014qgdxssxjmjslwzs/220809/1700769.shtml,,0,1700769,2014全国大学生数学建模竞赛论文展示,https://dxs.moe.gov.cn/zx/json/a/hd_sxjm_sxjmlw_2014qgdxssxjmjslwzs/220809/1700769.json,,,1,official_page_only,
2014,A,1A2311-A063,1A2311-A063嫦娥三号软着陆轨道设计与控制策略-西南交通大学峨眉校区-论文下载,全国大学生数学建模竞赛组委会,,2022-08-09,Article,https://dxs.moe.gov.cn/zx/a/hd_sxjm_sxjmlw_2014qgdxssxjmjslwzs/220809/1700760.shtml,,0,1700760,2014全国大学生数学建模竞赛论文展示,https://dxs.moe.gov.cn/zx/json/a/hd_sxjm_sxjmlw_2014qgdxssxjmjslwzs/220809/1700760.json,,,1,official_page_only,
2014,B,1B0104-B336,1B0104-B336创意平板折叠桌的优化设计-兰州理工大学-论文下载,全国大学生数学建模竞赛组委会,,2022-08-09,Article,https://dxs.moe.gov.cn/zx/a/hd_sxjm_sxjmlw_2014qgdxssxjmjslwzs/220809/1700755.shtml,,0,1700755,2014全国大学生数学建模竞赛论文展示,https://dxs.moe.gov.cn/zx/json/a/hd_sxjm_sxjmlw_2014qgdxssxjmjslwzs/220809/1700755.json,,,1,official_page_only,
2014,B,1B1616-B009,1B1616-B009创意平板折叠桌的设计加工-信阳师范学院-论文下载,全国大学生数学建模竞赛组委会,,2022-08-09,Article,https://dxs.moe.gov.cn/zx/a/hd_sxjm_sxjmlw_2014qgdxssxjmjslwzs/220809/1700523.shtml,,0,1700523,2014全国大学生数学建模竞赛论文展示,https://dxs.moe.gov.cn/zx/json/a/hd_sxjm_sxjmlw_2014qgdxssxjmjslwzs/220809/1700523.json,,,1,official_page_only,
2014,C,1C1501-C055,1C1501-C055关于生猪养殖场经营管理的研究-论文下载,全国大学生数学建模竞赛组委会,,2022-08-09,Article,https://dxs.moe.gov.cn/zx/a/hd_sxjm_sxjmlw_2014qgdxssxjmjslwzs/220809/1700430.shtml,,0,1700430,2014全国大学生数学建模竞赛论文展示,https://dxs.moe.gov.cn/zx/json/a/hd_sxjm_sxjmlw_2014qgdxssxjmjslwzs/220809/1700430.json,,,1,official_page_only,
2014,,,嫦娥三号软着陆轨道设计与控制策略-东南大学-论文,全国大学生数学建模竞赛组委会,,2022-08-09,Image,https://dxs.moe.gov.cn/zx/a/hd_sxjm_sxjmlw_2014qgdxssxjmjslwzs/220809/1700789.shtml,,36,1700789,2014全国大学生数学建模竞赛论文展示,https://dxs.moe.gov.cn/zx/json/a/hd_sxjm_sxjmlw_2014qgdxssxjmjslwzs/220809/1700789.json,https://dxs.moe.gov.cn/zx/a/hd_sxjm_sxjmlw_2014qgdxssxjmjslwzs/211022/1700790.shtml,1700789 | 1700790,2,official_image_pages,
2015,A,1A17011-A428,1A17011-A428太阳影子定位-数学建模竞赛优秀论文下载,全国大学生数学建模竞赛组委会,,2022-08-09,Article,https://dxs.moe.gov.cn/zx/a/hd_sxjm_sxjmlw_2015qgdxssxjmjslwzs/220809/1700968.shtml,https://dxs.moe.gov.cn/zx/json/2016/0712/1468304502260.pdf,0,1700968,2015全国大学生数学建模竞赛论文展示,https://dxs.moe.gov.cn/zx/json/a/hd_sxjm_sxjmlw_2015qgdxssxjmjslwzs/220809/1700968.json,,,1,official_pdf,
2015,A,1A18006-A220,1A18006-A220基于L-M 优化算法的太阳影子定位模型-数学建模竞赛优秀论文下载,全国大学生数学建模竞赛组委会,,2022-08-09,Article,https://dxs.moe.gov.cn/zx/a/hd_sxjm_sxjmlw_2015qgdxssxjmjslwzs/220809/1700969.shtml,https://dxs.moe.gov.cn/zx/json/2016/0714/1468478717191.pdf,0,1700969,2015全国大学生数学建模竞赛论文展示,https://dxs.moe.gov.cn/zx/json/a/hd_sxjm_sxjmlw_2015qgdxssxjmjslwzs/220809/1700969.json,,,1,official_pdf,
2015,A,1A23003-A048,1A23003-A048太阳影子定位的多目标优化模型-数学建模竞赛优秀论文下载,全国大学生数学建模竞赛组委会,,2022-08-09,Article,https://dxs.moe.gov.cn/zx/a/hd_sxjm_sxjmlw_2015qgdxssxjmjslwzs/220809/1700970.shtml,https://dxs.moe.gov.cn/zx/json/2016/0714/1468478556963.pdf,0,1700970,2015全国大学生数学建模竞赛论文展示,https://dxs.moe.gov.cn/zx/json/a/hd_sxjm_sxjmlw_2015qgdxssxjmjslwzs/220809/1700970.json,,,1,official_pdf,
2015,A,1A27002-A095,1A27002-A095太阳影子定位模型-数学建模竞赛优秀论文下载,全国大学生数学建模竞赛组委会,,2022-08-09,Article,https://dxs.moe.gov.cn/zx/a/hd_sxjm_sxjmlw_2015qgdxssxjmjslwzs/220809/1699712.shtml,https://dxs.moe.gov.cn/zx/json/2016/0714/1468479377390.pdf,0,1699712,2015全国大学生数学建模竞赛论文展示,https://dxs.moe.gov.cn/zx/json/a/hd_sxjm_sxjmlw_2015qgdxssxjmjslwzs/220809/1699712.json,,,1,official_pdf,
2015,A,1A32001-A135,1A32001-A135太阳影子定位-数学建模竞赛优秀论文下载,全国大学生数学建模竞赛组委会,,2022-08-09,Article,https://dxs.moe.gov.cn/zx/a/hd_sxjm_sxjmlw_2015qgdxssxjmjslwzs/220809/1699713.shtml,https://dxs.moe.gov.cn/zx/json/2016/0714/1468482141904.pdf,0,1699713,2015全国大学生数学建模竞赛论文展示,https://dxs.moe.gov.cn/zx/json/a/hd_sxjm_sxjmlw_2015qgdxssxjmjslwzs/220809/1699713.json,,,1,official_pdf,
2015,B,1B09001-B285,"1B09001-B285“互联网+""时代的出租车资源配置-数学建模竞赛优秀论文下载",全国大学生数学建模竞赛组委会,,2022-08-09,Article,https://dxs.moe.gov.cn/zx/a/hd_sxjm_sxjmlw_2015qgdxssxjmjslwzs/220809/1699714.shtml,https://dxs.moe.gov.cn/zx/json/2016/0714/1468484486746.pdf,0,1699714,2015全国大学生数学建模竞赛论文展示,https://dxs.moe.gov.cn/zx/json/a/hd_sxjm_sxjmlw_2015qgdxssxjmjslwzs/220809/1699714.json,,,1,official_pdf,
2015,B,1B23006-B309,1B23006-B309“互联网+”时代的出租车资源配置模型-数学建模竞赛优秀论文下载,全国大学生数学建模竞赛组委会,,2022-08-09,Article,https://dxs.moe.gov.cn/zx/a/hd_sxjm_sxjmlw_2015qgdxssxjmjslwzs/220809/1699715.shtml,,0,1699715,2015全国大学生数学建模竞赛论文展示,https://dxs.moe.gov.cn/zx/json/a/hd_sxjm_sxjmlw_2015qgdxssxjmjslwzs/220809/1699715.json,,,1,official_page_only,
2015,B,1B27002_B013,1B27002_B013“互联网+”时代的出租车资源配置--数学建模竞赛优秀论文下载,全国大学生数学建模竞赛组委会,,2022-08-09,Article,https://dxs.moe.gov.cn/zx/a/hd_sxjm_sxjmlw_2015qgdxssxjmjslwzs/220809/1699785.shtml,https://dxs.moe.gov.cn/zx/json/2016/0714/1468478925190.pdf,0,1699785,2015全国大学生数学建模竞赛论文展示,https://dxs.moe.gov.cn/zx/json/a/hd_sxjm_sxjmlw_2015qgdxssxjmjslwzs/220809/1699785.json,,,1,official_pdf,
2015,B,1B27003-B340,1B27003-B340“互联网+”时代基于动态补贴的出租车资源优化配置-数学建模竞赛优秀论文下载,全国大学生数学建模竞赛组委会,,2022-08-09,Article,https://dxs.moe.gov.cn/zx/a/hd_sxjm_sxjmlw_2015qgdxssxjmjslwzs/220809/1699784.shtml,https://dxs.moe.gov.cn/zx/json/2016/0725/1469414231901.pdf,0,1699784,2015全国大学生数学建模竞赛论文展示,https://dxs.moe.gov.cn/zx/json/a/hd_sxjm_sxjmlw_2015qgdxssxjmjslwzs/220809/1699784.json,,,1,official_pdf,
2015,B,1B27007_B006,1B27007_B006“互联网+”时代的出租车资源配置模型-数学建模竞赛优秀论文下载,全国大学生数学建模竞赛组委会,,2022-08-09,Article,https://dxs.moe.gov.cn/zx/a/hd_sxjm_sxjmlw_2015qgdxssxjmjslwzs/220809/1699718.shtml,,0,1699718,2015全国大学生数学建模竞赛论文展示,https://dxs.moe.gov.cn/zx/json/a/hd_sxjm_sxjmlw_2015qgdxssxjmjslwzs/220809/1699718.json,,,1,official_page_only,
2015,C,1C12001-C049,1C12001-C049“月上柳梢头，人约黄昏后”数学模型的建立-数学建模竞赛优秀论文下载,全国大学生数学建模竞赛组委会,全国大学生数学建模竞赛组委会,2021-06-21,Article,https://dxs.moe.gov.cn/zx/a/hd_sxjm_sxjmlw_2015qgdxssxjmjslwzs/210621/1700971.shtml,https://dxs.moe.gov.cn/zx/json/2016/0725/1469413877397.pdf,0,1700971,2015全国大学生数学建模竞赛论文展示,https://dxs.moe.gov.cn/zx/json/a/hd_sxjm_sxjmlw_2015qgdxssxjmjslwzs/210621/1700971.json,,,1,official_pdf,
2015,C,1C14001-C019,1C14001-C019古典诗词中天文知识的研究-数学建模竞赛优秀论文下载,全国大学生数学建模竞赛组委会,,2021-06-21,Article,https://dxs.moe.gov.cn/zx/a/hd_sxjm_sxjmlw_2015qgdxssxjmjslwzs/210621/1700972.shtml,https://dxs.moe.gov.cn/zx/json/2016/0725/1469413424272.pdf,0,1700972,2015全国大学生数学建模竞赛论文展示,https://dxs.moe.gov.cn/zx/json/a/hd_sxjm_sxjmlw_2015qgdxssxjmjslwzs/210621/1700972.json,,,1,official_pdf,
2015,D,1D11001-D001,1D11001-D001众筹筑屋规划方案设计-数学建模优秀论文下载,全国大学生数学建模竞赛组委会,全国大学生数学建模竞赛组委会,2021-06-21,Article,https://dxs.moe.gov.cn/zx/a/hd_sxjm_sxjmlw_2015qgdxssxjmjslwzs/210621/1700975.shtml,,0,1700975,2015全国大学生数学建模竞赛论文展示,https://dxs.moe.gov.cn/zx/json/a/hd_sxjm_sxjmlw_2015qgdxssxjmjslwzs/210621/1700975.json,,,1,official_page_only,
2015,D,1D22001-D020,1D22001-D020众筹筑屋规划方案设计模型-数学建模优秀论文下载,全国大学生数学建模竞赛组委会,全国大学生数学建模竞赛组委会,2021-06-21,Article,https://dxs.moe.gov.cn/zx/a/hd_sxjm_sxjmlw_2015qgdxssxjmjslwzs/210621/1700974.shtml,https://dxs.moe.gov.cn/zx/json/2016/0726/1469501050177.pdf,0,1700974,2015全国大学生数学建模竞赛论文展示,https://dxs.moe.gov.cn/zx/json/a/hd_sxjm_sxjmlw_2015qgdxssxjmjslwzs/210621/1700974.json,,,1,official_pdf,
2016,A,,A28——2016高教社杯全国大学生数学建模竞赛论文展示-组委会指定唯一发布网站,全国大学生数学建模竞赛组委会,,2022-08-09,Article,https://dxs.moe.gov.cn/zx/a/hd_sxjm_sxjmlw_2016qgdxssxjmjslwzs/220809/1699719.shtml,https://dxs.moe.gov.cn/zx/json/2016/1128/1480298680384.pdf,0,1699719,2016全国大学生数学建模竞赛论文展示,https://dxs.moe.gov.cn/zx/json/a/hd_sxjm_sxjmlw_2016qgdxssxjmjslwzs/220809/1699719.json,,,1,official_pdf,
2016,C,,C014——2016高教社杯全国大学生数学建模竞赛论文展示-组委会指定唯一发布网站,全国大学生数学建模竞赛组委会,全国大学生数学建模竞赛组委会,2022-06-08,Article,https://dxs.moe.gov.cn/zx/a/hd_sxjm_sxjmlw_2016qgdxssxjmjslwzs/220608/1699792.shtml,https://dxs.moe.gov.cn/zx/json/2016/1114/1479106246993.pdf,0,1699792,2016全国大学生数学建模竞赛论文展示,https://dxs.moe.gov.cn/zx/json/a/hd_sxjm_sxjmlw_2016qgdxssxjmjslwzs/220608/1699792.json,,,1,official_pdf,
2016,D,,D016——2016高教社杯全国大学生数学建模竞赛论文展示-组委会指定唯一发布网站,全国大学生数学建模竞赛组委会,,2021-09-08,Article,https://dxs.moe.gov.cn/zx/a/hd_sxjm_sxjmlw_2016qgdxssxjmjslwzs/210908/1701573.shtml,https://dxs.moe.gov.cn/zx/json/2016/1110/1478759862255.pdf,0,1701573,2016全国大学生数学建模竞赛论文展示,https://dxs.moe.gov.cn/zx/json/a/hd_sxjm_sxjmlw_2016qgdxssxjmjslwzs/210908/1701573.json,,,1,official_pdf,
2016,D,,D034——2016高教社杯全国大学生数学建模竞赛论文展示-组委会指定唯一发布网站,全国大学生数学建模竞赛组委会,,2021-09-08,Article,https://dxs.moe.gov.cn/zx/a/hd_sxjm_sxjmlw_2016qgdxssxjmjslwzs/210908/1701574.shtml,https://dxs.moe.gov.cn/zx/json/2016/1109/1478682793604.pdf,0,1701574,2016全国大学生数学建模竞赛论文展示,https://dxs.moe.gov.cn/zx/json/a/hd_sxjm_sxjmlw_2016qgdxssxjmjslwzs/210908/1701574.json,,,1,official_pdf,
2016,D,,D056——2016高教社杯全国大学生数学建模竞赛论文展示-组委会指定唯一发布网站,全国大学生数学建模竞赛组委会,全国大学生数学建模竞赛组委会,2022-06-07,Article,https://dxs.moe.gov.cn/zx/a/hd_sxjm_sxjmlw_2016qgdxssxjmjslwzs/220607/1699789.shtml,https://dxs.moe.gov.cn/zx/json/2016/1108/1478606081920.pdf,0,1699789,2016全国大学生数学建模竞赛论文展示,https://dxs.moe.gov.cn/zx/json/a/hd_sxjm_sxjmlw_2016qgdxssxjmjslwzs/220607/1699789.json,,,1,official_pdf,
2017,A,A298,2017年全国大学生数学建模竞赛论文展示（A298）,全国大学生数学建模竞赛组委会,,2021-09-22,Article,https://dxs.moe.gov.cn/zx/a/hd_sxjm_sxjmlw_2017qgdxssxjmjslwzs/210922/1699823.shtml,https://dxs.moe.gov.cn/zx/json/2017/1113/1510568413983.pdf,0,1699823,2017全国大学生数学建模竞赛论文展示,https://dxs.moe.gov.cn/zx/json/a/hd_sxjm_sxjmlw_2017qgdxssxjmjslwzs/210922/1699823.json,,,1,official_pdf,
2017,D,D035,2017年全国大学生数学建模竞赛论文展示（D035）,全国大学生数学建模竞赛组委会,,2021-07-09,Article,https://dxs.moe.gov.cn/zx/a/hd_sxjm_sxjmlw_2017qgdxssxjmjslwzs/210709/1699811.shtml,https://dxs.moe.gov.cn/zx/json/2017/1113/1510571413409.pdf,0,1699811,2017全国大学生数学建模竞赛论文展示,https://dxs.moe.gov.cn/zx/json/a/hd_sxjm_sxjmlw_2017qgdxssxjmjslwzs/210709/1699811.json,,,1,official_pdf,
2018,A,A229,2018年全国大学生数学建模竞赛论文展示（A229）,全国大学生数学建模竞赛组委会,,2024-02-06,Article,https://dxs.moe.gov.cn/zx/a/hd_sxjm_sxjmlw_2018qgdxssxjmjslwzs_2018atlw/240206/1699835.shtml,https://dxs.moe.gov.cn/zx/json/2018/1101/1541040189617.pdf,0,1699835,2018A题论文,https://dxs.moe.gov.cn/zx/json/a/hd_sxjm_sxjmlw_2018qgdxssxjmjslwzs_2018atlw/240206/1699835.json,,,1,official_pdf,
2018,A,A440,2018年全国大学生数学建模竞赛论文展示（A440）,全国大学生数学建模竞赛组委会,,2024-02-06,Article,https://dxs.moe.gov.cn/zx/a/hd_sxjm_sxjmlw_2018qgdxssxjmjslwzs_2018atlw/240206/1699834.shtml,https://dxs.moe.gov.cn/zx/json/2018/1101/1541052741358.pdf,0,1699834,2018A题论文,https://dxs.moe.gov.cn/zx/json/a/hd_sxjm_sxjmlw_2018qgdxssxjmjslwzs_2018atlw/240206/1699834.json,,,1,official_pdf,
2018,A,A466,2018年全国大学生数学建模竞赛论文展示（A466）,全国数学建模竞赛组委会,,2024-02-06,Article,https://dxs.moe.gov.cn/zx/a/hd_sxjm_sxjmlw_2018qgdxssxjmjslwzs_2018atlw/240206/1699833.shtml,https://dxs.moe.gov.cn/zx/json/2018/1101/1541055151207.pdf,0,1699833,2018A题论文,https://dxs.moe.gov.cn/zx/json/a/hd_sxjm_sxjmlw_2018qgdxssxjmjslwzs_2018atlw/240206/1699833.json,,,1,official_pdf,
2018,B,B203,2018年全国大学生数学建模竞赛论文展示（B203）,全国大学生数学建模竞赛组委会,,2024-02-06,Article,https://dxs.moe.gov.cn/zx/a/hd_sxjm_sxjmlw_2018qgdxssxjmjslwzs_2018btlw/240206/1699831.shtml,https://dxs.moe.gov.cn/zx/json/2018/1101/1541052148188.pdf,0,1699831,2018B题论文,https://dxs.moe.gov.cn/zx/json/a/hd_sxjm_sxjmlw_2018qgdxssxjmjslwzs_2018btlw/240206/1699831.json,,,1,official_pdf,
2018,B,B217,2018年全国大学生数学建模竞赛论文展示（B217）,全国大学生数学建模竞赛组委会,,2024-02-06,Article,https://dxs.moe.gov.cn/zx/a/hd_sxjm_sxjmlw_2018qgdxssxjmjslwzs_2018btlw/240206/1699832.shtml,https://dxs.moe.gov.cn/zx/json/2018/1101/1541052361277.pdf,0,1699832,2018B题论文,https://dxs.moe.gov.cn/zx/json/a/hd_sxjm_sxjmlw_2018qgdxssxjmjslwzs_2018btlw/240206/1699832.json,,,1,official_pdf,
2018,B,B334,2018年全国大学生数学建模竞赛论文展示（B334）,全国大学生数学建模竞赛组委会,,2024-02-06,Article,https://dxs.moe.gov.cn/zx/a/hd_sxjm_sxjmlw_2018qgdxssxjmjslwzs_2018btlw/240206/1699829.shtml,https://dxs.moe.gov.cn/zx/json/2018/1101/1541050609146.pdf,0,1699829,2018B题论文,https://dxs.moe.gov.cn/zx/json/a/hd_sxjm_sxjmlw_2018qgdxssxjmjslwzs_2018btlw/240206/1699829.json,,,1,official_pdf,
2018,C,C008,2018年全国大学生数学建模竞赛论文展示（C008）,2017高教社杯全国大学生数学建模竞赛组委会,,2024-02-06,Article,https://dxs.moe.gov.cn/zx/a/hd_sxjm_sxjmlw_2018qgdxssxjmjslwzs_2018ctlw/240206/1699824.shtml,https://dxs.moe.gov.cn/zx/json/2018/1101/1541062884970.pdf,0,1699824,2018C题论文,https://dxs.moe.gov.cn/zx/json/a/hd_sxjm_sxjmlw_2018qgdxssxjmjslwzs_2018ctlw/240206/1699824.json,,,1,official_pdf,
2018,C,C052,2018年全国大学生数学建模竞赛论文展示（C052）,全国大学生数学建模竞赛组委会,,2021-07-09,Article,https://dxs.moe.gov.cn/zx/a/hd_sxjm_sxjmlw_2018qgdxssxjmjslwzs_2018ctlw/210709/1699836.shtml,https://dxs.moe.gov.cn/zx/json/2018/1101/1541053303844.pdf,0,1699836,2018C题论文,https://dxs.moe.gov.cn/zx/json/a/hd_sxjm_sxjmlw_2018qgdxssxjmjslwzs_2018ctlw/210709/1699836.json,,,1,official_pdf,
2018,C,C101,2018年全国大学生数学建模竞赛论文展示（C101）,全国大学生数学建模竞赛组委会,,2024-02-06,Article,https://dxs.moe.gov.cn/zx/a/hd_sxjm_sxjmlw_2018qgdxssxjmjslwzs_2018ctlw/240206/1699825.shtml,https://dxs.moe.gov.cn/zx/json/2018/1101/1541055987930.pdf,0,1699825,2018C题论文,https://dxs.moe.gov.cn/zx/json/a/hd_sxjm_sxjmlw_2018qgdxssxjmjslwzs_2018ctlw/240206/1699825.json,,,1,official_pdf,
2018,D,D014,2018年全国大学生数学建模竞赛论文展示（D014）,全国大学生数学建模竞赛组委会,,2024-02-06,Article,https://dxs.moe.gov.cn/zx/a/hd_sxjm_sxjmlw_2018qgdxssxjmjslwzs_2018dtlw/240206/1699828.shtml,https://dxs.moe.gov.cn/zx/json/2018/1101/1541054303752.pdf,0,1699828,2018D题论文,https://dxs.moe.gov.cn/zx/json/a/hd_sxjm_sxjmlw_2018qgdxssxjmjslwzs_2018dtlw/240206/1699828.json,,,1,official_pdf,
2018,D,D027,2018年全国大学生数学建模竞赛论文展示（D027）,全国大学生数学建模竞赛组委会,,2024-02-06,Article,https://dxs.moe.gov.cn/zx/a/hd_sxjm_sxjmlw_2018qgdxssxjmjslwzs_2018dtlw/240206/1699827.shtml,https://dxs.moe.gov.cn/zx/json/2018/1101/1541054922747.pdf,0,1699827,2018D题论文,https://dxs.moe.gov.cn/zx/json/a/hd_sxjm_sxjmlw_2018qgdxssxjmjslwzs_2018dtlw/240206/1699827.json,,,1,official_pdf,
2018,D,D029,2018年全国大学生数学建模竞赛论文展示（D029）,全国大学生数学建模竞赛组委会,,2024-02-06,Article,https://dxs.moe.gov.cn/zx/a/hd_sxjm_sxjmlw_2018qgdxssxjmjslwzs_2018dtlw/240206/1699826.shtml,https://dxs.moe.gov.cn/zx/json/2018/1101/1541055419931.pdf,0,1699826,2018D题论文,https://dxs.moe.gov.cn/zx/json/a/hd_sxjm_sxjmlw_2018qgdxssxjmjslwzs_2018dtlw/240206/1699826.json,,,1,official_pdf,
2019,B,B136,2019全国大学生数学建模竞赛论文展示（B136）,全国大学生数学建模竞赛组织委员会,全国大学生数学建模竞赛组织委员会,2021-07-12,Image,https://dxs.moe.gov.cn/zx/a/hd_sxjm_sxjmlw_2019qgdxssxjmjslwzs/210712/1699855.shtml,,32,1699855,2019全国大学生数学建模竞赛论文展示,https://dxs.moe.gov.cn/zx/json/a/hd_sxjm_sxjmlw_2019qgdxssxjmjslwzs/210712/1699855.json,,,1,official_image_pages,
2019,C,C044,2019全国大学生数学建模竞赛论文展示（C044）,全国大学生数学建模竞赛组织委员,全国大学生数学建模竞赛组织委员会,2021-07-09,Image,https://dxs.moe.gov.cn/zx/a/hd_sxjm_sxjmlw_2019qgdxssxjmjslwzs/210709/1699856.shtml,,39,1699856,2019全国大学生数学建模竞赛论文展示,https://dxs.moe.gov.cn/zx/json/a/hd_sxjm_sxjmlw_2019qgdxssxjmjslwzs/210709/1699856.json,,,1,official_image_pages,
2019,C,C137,2019全国大学生数学建模竞赛论文展示（C137）,全国大学生数学建模竞赛组织委员会,,2021-07-09,Image,https://dxs.moe.gov.cn/zx/a/hd_sxjm_sxjmlw_2019qgdxssxjmjslwzs/210709/1699857.shtml,,39,1699857,2019全国大学生数学建模竞赛论文展示,https://dxs.moe.gov.cn/zx/json/a/hd_sxjm_sxjmlw_2019qgdxssxjmjslwzs/210709/1699857.json,,,1,official_image_pages,
2019,C,C308,2019全国大学生数学建模竞赛论文展示（C308）,全国大学生数学建模竞赛组织委员会,全国大学生数学建模竞赛组织委员会,2021-07-09,Image,https://dxs.moe.gov.cn/zx/a/hd_sxjm_sxjmlw_2019qgdxssxjmjslwzs/210709/1699858.shtml,,30,1699858,2019全国大学生数学建模竞赛论文展示,https://dxs.moe.gov.cn/zx/json/a/hd_sxjm_sxjmlw_2019qgdxssxjmjslwzs/210709/1699858.json,,,1,official_image_pages,
2019,D,D001,2019全国大学生数学建模竞赛论文展示（D001）,全国大学生数学建模竞赛组织委员会,全国大学生数学建模竞赛组织委员会,2021-07-08,Image,https://dxs.moe.gov.cn/zx/a/hd_sxjm_sxjmlw_2019qgdxssxjmjslwzs/210708/1699860.shtml,,24,1699860,2019全国大学生数学建模竞赛论文展示,https://dxs.moe.gov.cn/zx/json/a/hd_sxjm_sxjmlw_2019qgdxssxjmjslwzs/210708/1699860.json,,,1,official_image_pages,
2019,D,D005,2019全国大学生数学建模竞赛论文展示（D005）,全国大学生数学建模竞赛组织委员会,,2021-07-08,Image,https://dxs.moe.gov.cn/zx/a/hd_sxjm_sxjmlw_2019qgdxssxjmjslwzs/210708/1699861.shtml,,39,1699861,2019全国大学生数学建模竞赛论文展示,https://dxs.moe.gov.cn/zx/json/a/hd_sxjm_sxjmlw_2019qgdxssxjmjslwzs/210708/1699861.json,,,1,official_image_pages,
2019,D,D013,2019全国大学生数学建模竞赛论文展示（D013）,全国大学生数学建模竞赛组织委员会,全国大学生数学建模竞赛组织委员会,2021-07-08,Image,https://dxs.moe.gov.cn/zx/a/hd_sxjm_sxjmlw_2019qgdxssxjmjslwzs/210708/1699862.shtml,,36,1699862,2019全国大学生数学建模竞赛论文展示,https://dxs.moe.gov.cn/zx/json/a/hd_sxjm_sxjmlw_2019qgdxssxjmjslwzs/210708/1699862.json,,,1,official_image_pages,
2019,E,E026,2019全国大学生数学建模竞赛论文展示（E026）,全国大学生数学建模竞赛组织委员会,,2021-06-04,Image,https://dxs.moe.gov.cn/zx/a/hd_sxjm_sxjmlw_2019qgdxssxjmjslwzs/210604/1699443.shtml,,20,1699443,2019全国大学生数学建模竞赛论文展示,https://dxs.moe.gov.cn/zx/json/a/hd_sxjm_sxjmlw_2019qgdxssxjmjslwzs/210604/1699443.json,,,1,official_image_pages,
2019,E,E038,2019全国大学生数学建模竞赛论文展示（E038）,全国大学生数学建模竞赛组织委员会,全国大学生数学建模竞赛组织委员会,2020-10-29,Image,https://dxs.moe.gov.cn/zx/a/hd_sxjm_sxjmlw_2019qgdxssxjmjslwzs/201029/1613991.shtml,,23,1613991,2019全国大学生数学建模竞赛论文展示,https://dxs.moe.gov.cn/zx/json/a/hd_sxjm_sxjmlw_2019qgdxssxjmjslwzs/201029/1613991.json,,,1,official_image_pages,
2020,A,A070,2020全国大学生数学建模竞赛论文展示（A070）,全国大学生数学建模竞赛组织委员会,,2020-11-03,Image,https://dxs.moe.gov.cn/zx/a/hd_sxjm_sxjmlw_2020qgdxssxjmjslwzs/201103/1609388.shtml,,34,1609388,2020全国大学生数学建模竞赛论文展示,https://dxs.moe.gov.cn/zx/json/a/hd_sxjm_sxjmlw_2020qgdxssxjmjslwzs/201103/1609388.json,,,1,official_image_pages,
2020,A,A147,2020全国大学生数学建模竞赛论文展示（A147）,全国大学生数学建模竞赛组织委员会,,2020-11-03,Image,https://dxs.moe.gov.cn/zx/a/hd_sxjm_sxjmlw_2020qgdxssxjmjslwzs/201103/1609389.shtml,,89,1609389,2020全国大学生数学建模竞赛论文展示,https://dxs.moe.gov.cn/zx/json/a/hd_sxjm_sxjmlw_2020qgdxssxjmjslwzs/201103/1609389.json,,,1,official_image_pages,
2020,A,A195,2020全国大学生数学建模竞赛论文展示（A195）,全国大学生数学建模竞赛组织委员会,,2020-11-03,Image,https://dxs.moe.gov.cn/zx/a/hd_sxjm_sxjmlw_2020qgdxssxjmjslwzs/201103/1609391.shtml,,42,1609391,2020全国大学生数学建模竞赛论文展示,https://dxs.moe.gov.cn/zx/json/a/hd_sxjm_sxjmlw_2020qgdxssxjmjslwzs/201103/1609391.json,,,1,official_image_pages,
2020,A,A212,2020全国大学生数学建模竞赛论文展示（A212）,全国大学生数学建模竞赛组织委员会,,2020-11-03,Image,https://dxs.moe.gov.cn/zx/a/hd_sxjm_sxjmlw_2020qgdxssxjmjslwzs/201103/1609392.shtml,,26,1609392,2020全国大学生数学建模竞赛论文展示,https://dxs.moe.gov.cn/zx/json/a/hd_sxjm_sxjmlw_2020qgdxssxjmjslwzs/201103/1609392.json,,,1,official_image_pages,
2020,B,B078,2020全国大学生数学建模竞赛论文展示（B078）,全国大学生数学建模竞赛组织委员会,,2020-11-03,Image,https://dxs.moe.gov.cn/zx/a/hd_sxjm_sxjmlw_2020qgdxssxjmjslwzs/201103/1609502.shtml,,50,1609502,2020全国大学生数学建模竞赛论文展示,https://dxs.moe.gov.cn/zx/json/a/hd_sxjm_sxjmlw_2020qgdxssxjmjslwzs/201103/1609502.json,,,1,official_image_pages,
2020,B,B108,2020全国大学生数学建模竞赛论文展示（B108）,全国大学生数学建模竞赛组织委员会,,2020-11-03,Image,https://dxs.moe.gov.cn/zx/a/hd_sxjm_sxjmlw_2020qgdxssxjmjslwzs/201103/1609501.shtml,,100,1609501,2020全国大学生数学建模竞赛论文展示,https://dxs.moe.gov.cn/zx/json/a/hd_sxjm_sxjmlw_2020qgdxssxjmjslwzs/201103/1609501.json,,,1,official_image_pages,
2020,B,B125,2020全国大学生数学建模竞赛论文展示（B125）,全国大学生数学建模竞赛组织委员会,,2020-11-03,Image,https://dxs.moe.gov.cn/zx/a/hd_sxjm_sxjmlw_2020qgdxssxjmjslwzs/201103/1609503.shtml,,34,1609503,2020全国大学生数学建模竞赛论文展示,https://dxs.moe.gov.cn/zx/json/a/hd_sxjm_sxjmlw_2020qgdxssxjmjslwzs/201103/1609503.json,,,1,official_image_pages,
2020,C,C109,2020全国大学生数学建模竞赛论文展示（C109）,全国大学生数学建模竞赛组委会,全国大学生数学建模竞赛组委会,2021-06-18,Image,https://dxs.moe.gov.cn/zx/a/hd_sxjm_sxjmlw_2020qgdxssxjmjslwzs/210618/1699929.shtml,,77,1699929,2020全国大学生数学建模竞赛论文展示,https://dxs.moe.gov.cn/zx/json/a/hd_sxjm_sxjmlw_2020qgdxssxjmjslwzs/210618/1699929.json,,,1,official_image_pages,
2020,C,C170,2020全国大学生数学建模竞赛论文展示（C170）,全国大学生数学建模竞赛组委会,全国大学生数学建模竞赛组委会,2023-06-13,Image,https://dxs.moe.gov.cn/zx/a/hd_sxjm_sxjmlw_2020qgdxssxjmjslwzs_2020ctlw/230613/1843426.shtml,,40,1843426,2020C题论文,https://dxs.moe.gov.cn/zx/json/a/hd_sxjm_sxjmlw_2020qgdxssxjmjslwzs_2020ctlw/230613/1843426.json,https://dxs.moe.gov.cn/zx/a/hd_sxjm_sxjmlw_2020qgdxssxjmjslwzs/210618/1699930.shtml,1699930 | 1843426,2,official_image_pages,
2020,C,C227,2020全国大学生数学建模竞赛论文展示（C227）,全国大学生数学建模竞赛组委会,全国大学生数学建模竞赛组委会,2023-06-13,Image,https://dxs.moe.gov.cn/zx/a/hd_sxjm_sxjmlw_2020qgdxssxjmjslwzs_2020ctlw/230613/1843431.shtml,,35,1843431,2020C题论文,https://dxs.moe.gov.cn/zx/json/a/hd_sxjm_sxjmlw_2020qgdxssxjmjslwzs_2020ctlw/230613/1843431.json,https://dxs.moe.gov.cn/zx/a/hd_sxjm_sxjmlw_2020qgdxssxjmjslwzs/210618/1699932.shtml,1699932 | 1843431,2,official_image_pages,
2020,C,C305,2020全国大学生数学建模竞赛论文展示（C305）,全国大学生数学建模竞赛组委会,全国大学生数学建模竞赛组委会,2023-06-13,Image,https://dxs.moe.gov.cn/zx/a/hd_sxjm_sxjmlw_2020qgdxssxjmjslwzs_2020ctlw/230613/1843442.shtml,,53,1843442,2020C题论文,https://dxs.moe.gov.cn/zx/json/a/hd_sxjm_sxjmlw_2020qgdxssxjmjslwzs_2020ctlw/230613/1843442.json,https://dxs.moe.gov.cn/zx/a/hd_sxjm_sxjmlw_2020qgdxssxjmjslwzs/210618/1699934.shtml,1699934 | 1843442,2,official_image_pages,
2020,D,D008,2020全国大学生数学建模竞赛论文展示（D008）,全国大学生数学建模竞赛组织委员会,全国大学生数学建模竞赛组委会,2021-06-18,Image,https://dxs.moe.gov.cn/zx/a/hd_sxjm_sxjmlw_2020qgdxssxjmjslwzs/210618/1699935.shtml,,46,1699935,2020全国大学生数学建模竞赛论文展示,https://dxs.moe.gov.cn/zx/json/a/hd_sxjm_sxjmlw_2020qgdxssxjmjslwzs/210618/1699935.json,,,1,official_image_pages,
2020,E,E040,2020全国大学生数学建模竞赛论文展示（E040）,全国大学生数学建模竞赛组织委员会,全国大学生数学建模竞赛组委会,2021-06-18,Image,https://dxs.moe.gov.cn/zx/a/hd_sxjm_sxjmlw_2020qgdxssxjmjslwzs/210618/1699936.shtml,,37,1699936,2020全国大学生数学建模竞赛论文展示,https://dxs.moe.gov.cn/zx/json/a/hd_sxjm_sxjmlw_2020qgdxssxjmjslwzs/210618/1699936.json,,,1,official_image_pages,
2021,A,A028,2021高教社杯全国大学生数学建模竞赛A题论文展示（A028）,全国大学生数学建模竞赛组委会,,2024-12-12,Image,https://dxs.moe.gov.cn/zx/a/hd_sxjm_sxjmlw_2021qgdxssxjmjslwzs/241212/1734060.shtml,,38,1734060,2021全国大学生数学建模竞赛论文展示,https://dxs.moe.gov.cn/zx/json/a/hd_sxjm_sxjmlw_2021qgdxssxjmjslwzs/241212/1734060.json,,,1,official_image_pages,
2021,A,A115,2021高教社杯全国大学生数学建模竞赛A题论文展示（A115）,全国大学生数学建模竞赛组委会,,2024-12-12,Image,https://dxs.moe.gov.cn/zx/a/hd_sxjm_sxjmlw_2021qgdxssxjmjslwzs/241212/1734062.shtml,,35,1734062,2021全国大学生数学建模竞赛论文展示,https://dxs.moe.gov.cn/zx/json/a/hd_sxjm_sxjmlw_2021qgdxssxjmjslwzs/241212/1734062.json,,,1,official_image_pages,
2021,A,A217,2021高教社杯全国大学生数学建模竞赛A题论文展示（A217）,全国大学生数学建模竞赛组委会,,2024-12-12,Image,https://dxs.moe.gov.cn/zx/a/hd_sxjm_sxjmlw_2021qgdxssxjmjslwzs/241212/1734066.shtml,,59,1734066,2021全国大学生数学建模竞赛论文展示,https://dxs.moe.gov.cn/zx/json/a/hd_sxjm_sxjmlw_2021qgdxssxjmjslwzs/241212/1734066.json,,,1,official_image_pages,
2021,B,B007,2021高教社杯全国大学生数学建模竞赛B题论文展示（B007）,全国大学生数学建模竞赛组委会,,2024-12-12,Image,https://dxs.moe.gov.cn/zx/a/hd_sxjm_sxjmlw_2021qgdxssxjmjslwzs/241212/1734070.shtml,,45,1734070,2021全国大学生数学建模竞赛论文展示,https://dxs.moe.gov.cn/zx/json/a/hd_sxjm_sxjmlw_2021qgdxssxjmjslwzs/241212/1734070.json,,,1,official_image_pages,
2021,B,B026,2021高教社杯全国大学生数学建模竞赛B题论文展示（B026）,全国大学生数学建模竞赛组委会,,2024-12-12,Image,https://dxs.moe.gov.cn/zx/a/hd_sxjm_sxjmlw_2021qgdxssxjmjslwzs/241212/1734072.shtml,,26,1734072,2021全国大学生数学建模竞赛论文展示,https://dxs.moe.gov.cn/zx/json/a/hd_sxjm_sxjmlw_2021qgdxssxjmjslwzs/241212/1734072.json,,,1,official_image_pages,
2021,B,B050,2021高教社杯全国大学生数学建模竞赛B题论文展示（B050）,全国大学生数学建模竞赛组委会,,2024-12-13,Image,https://dxs.moe.gov.cn/zx/a/hd_sxjm_sxjmlw_2021qgdxssxjmjslwzs/241213/1734083.shtml,,59,1734083,2021全国大学生数学建模竞赛论文展示,https://dxs.moe.gov.cn/zx/json/a/hd_sxjm_sxjmlw_2021qgdxssxjmjslwzs/241213/1734083.json,https://dxs.moe.gov.cn/zx/a/hd_sxjm_sxjmlw_2021qgdxssxjmjslwzs_2021btlw/241213/1983978.shtml,1734083 | 1983978,2,official_image_pages,
2021,B,B160,2021高教社杯全国大学生数学建模竞赛B题论文展示（B160）,全国大学生数学建模竞赛组委会,,2024-12-13,Image,https://dxs.moe.gov.cn/zx/a/hd_sxjm_sxjmlw_2021qgdxssxjmjslwzs/241213/1734074.shtml,,28,1734074,2021全国大学生数学建模竞赛论文展示,https://dxs.moe.gov.cn/zx/json/a/hd_sxjm_sxjmlw_2021qgdxssxjmjslwzs/241213/1734074.json,,,1,official_image_pages,
2021,C,C066,2021高教社杯全国大学生数学建模竞赛C题论文展示（C066）,全国大学生数学建模竞赛组委会,,2024-12-12,Image,https://dxs.moe.gov.cn/zx/a/hd_sxjm_sxjmlw_2021qgdxssxjmjslwzs/241212/1734085.shtml,,60,1734085,2021全国大学生数学建模竞赛论文展示,https://dxs.moe.gov.cn/zx/json/a/hd_sxjm_sxjmlw_2021qgdxssxjmjslwzs/241212/1734085.json,https://dxs.moe.gov.cn/zx/a/hd_sxjm_sxjmlw_2021qgdxssxjmjslwzs_2021ctlw/230613/1843445.shtml,1734085 | 1843445,2,official_image_pages,
2021,C,C085,2021高教社杯全国大学生数学建模竞赛C题论文展示（C085）,全国大学生数学建模竞赛组委会,,2024-12-12,Image,https://dxs.moe.gov.cn/zx/a/hd_sxjm_sxjmlw_2021qgdxssxjmjslwzs/241212/1734093.shtml,,56,1734093,2021全国大学生数学建模竞赛论文展示,https://dxs.moe.gov.cn/zx/json/a/hd_sxjm_sxjmlw_2021qgdxssxjmjslwzs/241212/1734093.json,,,1,official_image_pages,
2021,C,C169,2021高教社杯全国大学生数学建模竞赛C题论文展示（C169）,全国大学生数学建模竞赛组委会,,2024-12-12,Image,https://dxs.moe.gov.cn/zx/a/hd_sxjm_sxjmlw_2021qgdxssxjmjslwzs/241212/1734095.shtml,,51,1734095,2021全国大学生数学建模竞赛论文展示,https://dxs.moe.gov.cn/zx/json/a/hd_sxjm_sxjmlw_2021qgdxssxjmjslwzs/241212/1734095.json,,,1,official_image_pages,
2021,C,C283,2021高教社杯全国大学生数学建模竞赛C题论文展示（C283）,全国大学生数学建模竞赛组委会,,2024-12-12,Image,https://dxs.moe.gov.cn/zx/a/hd_sxjm_sxjmlw_2021qgdxssxjmjslwzs/241212/1734097.shtml,,58,1734097,2021全国大学生数学建模竞赛论文展示,https://dxs.moe.gov.cn/zx/json/a/hd_sxjm_sxjmlw_2021qgdxssxjmjslwzs/241212/1734097.json,,,1,official_image_pages,
2021,D,D017,2021高教社杯全国大学生数学建模竞赛D题论文展示（D017）,全国大学生数学建模竞赛组委会,,2024-12-13,Image,https://dxs.moe.gov.cn/zx/a/hd_sxjm_sxjmlw_2021qgdxssxjmjslwzs/241213/1734101.shtml,,21,1734101,2021全国大学生数学建模竞赛论文展示,https://dxs.moe.gov.cn/zx/json/a/hd_sxjm_sxjmlw_2021qgdxssxjmjslwzs/241213/1734101.json,,,1,official_image_pages,
2021,D,D026,2021高教社杯全国大学生数学建模竞赛D题论文展示（D026）,全国大学生数学建模竞赛组委会,,2024-12-12,Image,https://dxs.moe.gov.cn/zx/a/hd_sxjm_sxjmlw_2021qgdxssxjmjslwzs/241212/1734105.shtml,,36,1734105,2021全国大学生数学建模竞赛论文展示,https://dxs.moe.gov.cn/zx/json/a/hd_sxjm_sxjmlw_2021qgdxssxjmjslwzs/241212/1734105.json,,,1,official_image_pages,
2021,D,D034,2021高教社杯全国大学生数学建模竞赛D题论文展示（D034）,全国大学生数学建模竞赛组委会,,2024-12-12,Image,https://dxs.moe.gov.cn/zx/a/hd_sxjm_sxjmlw_2021qgdxssxjmjslwzs/241212/1734107.shtml,,30,1734107,2021全国大学生数学建模竞赛论文展示,https://dxs.moe.gov.cn/zx/json/a/hd_sxjm_sxjmlw_2021qgdxssxjmjslwzs/241212/1734107.json,,,1,official_image_pages,
2021,E,E014,2021高教社杯全国大学生数学建模竞赛E题论文展示（E014）,全国大学生数学建模竞赛组委会,,2024-12-13,Image,https://dxs.moe.gov.cn/zx/a/hd_sxjm_sxjmlw_2021qgdxssxjmjslwzs/241213/1734099.shtml,,51,1734099,2021全国大学生数学建模竞赛论文展示,https://dxs.moe.gov.cn/zx/json/a/hd_sxjm_sxjmlw_2021qgdxssxjmjslwzs/241213/1734099.json,,,1,official_image_pages,
2021,E,E025,2021高教社杯全国大学生数学建模竞赛E题论文展示（E025）,全国大学生数学建模竞赛组委会,,2024-12-12,Image,https://dxs.moe.gov.cn/zx/a/hd_sxjm_sxjmlw_2021qgdxssxjmjslwzs/241212/1734196.shtml,,39,1734196,2021全国大学生数学建模竞赛论文展示,https://dxs.moe.gov.cn/zx/json/a/hd_sxjm_sxjmlw_2021qgdxssxjmjslwzs/241212/1734196.json,,,1,official_image_pages,
2021,E,E037,2021高教社杯全国大学生数学建模竞赛E题论文展示（E037）,全国大学生数学建模竞赛组委会,,2024-12-13,Image,https://dxs.moe.gov.cn/zx/a/hd_sxjm_sxjmlw_2021qgdxssxjmjslwzs_2021etlw/241213/1983977.shtml,,37,1983977,2021E题论文,https://dxs.moe.gov.cn/zx/json/a/hd_sxjm_sxjmlw_2021qgdxssxjmjslwzs_2021etlw/241213/1983977.json,https://dxs.moe.gov.cn/zx/a/hd_sxjm_sxjmlw_2021qgdxssxjmjslwzs/241212/1734230.shtml,1734230 | 1983977,2,official_image_pages,
2021,,,2021全国大学生数学建模竞赛论文展示公告,,,2021-09-10,Article,https://dxs.moe.gov.cn/zx/a/hd_sxjm_sxjmlw_2021qgdxssxjmjslwzs/210910/1728015.shtml,,0,1728015,2021全国大学生数学建模竞赛论文展示,https://dxs.moe.gov.cn/zx/json/a/hd_sxjm_sxjmlw_2021qgdxssxjmjslwzs/210910/1728015.json,,,1,official_page_only,
2022,A,A001,2022高教社杯全国大学生数学建模竞赛A题论文展示（A001）,全国大学生数学建模竞赛组委会,,2022-11-06,Image,https://dxs.moe.gov.cn/zx/a/hd_sxjm_sxjmlw_2022qgdxssxjmjslwzs/221106/1820295.shtml,,37,1820295,2022全国大学生数学建模竞赛论文展示,https://dxs.moe.gov.cn/zx/json/a/hd_sxjm_sxjmlw_2022qgdxssxjmjslwzs/221106/1820295.json,,,1,official_image_pages,
2022,A,A022,2022高教社杯全国大学生数学建模竞赛A题论文展示（A022）,全国大学生数学建模竞赛组委会,全国大学生数学建模竞赛组委会,2022-11-06,Image,https://dxs.moe.gov.cn/zx/a/hd_sxjm_sxjmlw_2022qgdxssxjmjslwzs/221106/1820293.shtml,,30,1820293,2022全国大学生数学建模竞赛论文展示,https://dxs.moe.gov.cn/zx/json/a/hd_sxjm_sxjmlw_2022qgdxssxjmjslwzs/221106/1820293.json,,,1,official_image_pages,
2022,A,A171,2022高教社杯全国大学生数学建模竞赛A题论文展示（A171）,全国大学生数学建模竞赛组委会,,2022-11-06,Image,https://dxs.moe.gov.cn/zx/a/hd_sxjm_sxjmlw_2022qgdxssxjmjslwzs/221106/1820291.shtml,,57,1820291,2022全国大学生数学建模竞赛论文展示,https://dxs.moe.gov.cn/zx/json/a/hd_sxjm_sxjmlw_2022qgdxssxjmjslwzs/221106/1820291.json,,,1,official_image_pages,
2022,B,B030,2022高教社杯全国大学生数学建模竞赛B题论文展示（B030）,全国大学生数学建模竞赛组委会,全国大学生数学建模竞赛组委会,2022-11-06,Image,https://dxs.moe.gov.cn/zx/a/hd_sxjm_sxjmlw_2022qgdxssxjmjslwzs/221106/1820289.shtml,,42,1820289,2022全国大学生数学建模竞赛论文展示,https://dxs.moe.gov.cn/zx/json/a/hd_sxjm_sxjmlw_2022qgdxssxjmjslwzs/221106/1820289.json,,,1,official_image_pages,
2022,B,B035,2022高教社杯全国大学生数学建模竞赛B题论文展示（B035）,全国大学生数学建模竞赛组委会,全国大学生数学建模竞赛组委会,2022-11-06,Image,https://dxs.moe.gov.cn/zx/a/hd_sxjm_sxjmlw_2022qgdxssxjmjslwzs/221106/1820287.shtml,,41,1820287,2022全国大学生数学建模竞赛论文展示,https://dxs.moe.gov.cn/zx/json/a/hd_sxjm_sxjmlw_2022qgdxssxjmjslwzs/221106/1820287.json,,,1,official_image_pages,
2022,B,B086,2022高教社杯全国大学生数学建模竞赛B题论文展示（B086）,全国大学生数学建模竞赛组委会,全国大学生数学建模竞赛组委会,2022-11-06,Image,https://dxs.moe.gov.cn/zx/a/hd_sxjm_sxjmlw_2022qgdxssxjmjslwzs/221106/1820285.shtml,,32,1820285,2022全国大学生数学建模竞赛论文展示,https://dxs.moe.gov.cn/zx/json/a/hd_sxjm_sxjmlw_2022qgdxssxjmjslwzs/221106/1820285.json,,,1,official_image_pages,
2022,C,C155,2022高教社杯全国大学生数学建模竞赛C题论文展示（C155）,全国大学生数学建模竞赛组委会,,2023-06-13,Image,https://dxs.moe.gov.cn/zx/a/hd_sxjm_sxjmlw_2022qgdxssxjmjslwzs_2022ctlw/230613/1843443.shtml,,41,1843443,2022C题论文,https://dxs.moe.gov.cn/zx/json/a/hd_sxjm_sxjmlw_2022qgdxssxjmjslwzs_2022ctlw/230613/1843443.json,https://dxs.moe.gov.cn/zx/a/hd_sxjm_sxjmlw_2022qgdxssxjmjslwzs/221106/1820281.shtml,1820281 | 1843443,2,official_image_pages,
2022,C,C229,2022高教社杯全国大学生数学建模竞赛C题论文展示（C229）,全国大学生数学建模竞赛组委会,,2023-06-13,Image,https://dxs.moe.gov.cn/zx/a/hd_sxjm_sxjmlw_2022qgdxssxjmjslwzs_2022ctlw/230613/1843444.shtml,,26,1843444,2022C题论文,https://dxs.moe.gov.cn/zx/json/a/hd_sxjm_sxjmlw_2022qgdxssxjmjslwzs_2022ctlw/230613/1843444.json,https://dxs.moe.gov.cn/zx/a/hd_sxjm_sxjmlw_2022qgdxssxjmjslwzs/221106/1820279.shtml,1820279 | 1843444,2,official_image_pages,
2022,D,D999,2022高教社杯全国大学生数学建模竞赛D题论文展示（D999）,全国大学生数学建模竞赛组委会,全国大学生数学建模竞赛组委会,2022-11-06,Image,https://dxs.moe.gov.cn/zx/a/hd_sxjm_sxjmlw_2022qgdxssxjmjslwzs/221106/1820275.shtml,,25,1820275,2022全国大学生数学建模竞赛论文展示,https://dxs.moe.gov.cn/zx/json/a/hd_sxjm_sxjmlw_2022qgdxssxjmjslwzs/221106/1820275.json,,,1,official_image_pages,
2022,E,E014,2022高教社杯全国大学生数学建模竞赛E题论文展示（E014）,全国大学生数学建模竞赛组委会,全国大学生数学建模竞赛组委会,2022-11-06,Image,https://dxs.moe.gov.cn/zx/a/hd_sxjm_sxjmlw_2022qgdxssxjmjslwzs/221106/1820273.shtml,,24,1820273,2022全国大学生数学建模竞赛论文展示,https://dxs.moe.gov.cn/zx/json/a/hd_sxjm_sxjmlw_2022qgdxssxjmjslwzs/221106/1820273.json,,,1,official_image_pages,
2022,E,E029,2022高教社杯全国大学生数学建模竞赛E题论文展示（E029）,全国大学生数学建模竞赛组委会,全国大学生数学建模竞赛组委会,2022-11-06,Image,https://dxs.moe.gov.cn/zx/a/hd_sxjm_sxjmlw_2022qgdxssxjmjslwzs/221106/1820271.shtml,,22,1820271,2022全国大学生数学建模竞赛论文展示,https://dxs.moe.gov.cn/zx/json/a/hd_sxjm_sxjmlw_2022qgdxssxjmjslwzs/221106/1820271.json,,,1,official_image_pages,
2023,A,A0127,2023高教社杯全国大学生数学建模竞赛A题论文展示（A0127）,全国大学生数学建模竞赛组委会,全国大学生数学建模竞赛组委会,2023-11-04,Image,https://dxs.moe.gov.cn/zx/a/hd_sxjm_sxjmlw_2023qgdxssxjmjslwzs_2023atlw/231104/1865106.shtml,,58,1865106,2023A题论文,https://dxs.moe.gov.cn/zx/json/a/hd_sxjm_sxjmlw_2023qgdxssxjmjslwzs_2023atlw/231104/1865106.json,,,1,official_image_pages,
2023,A,A0165,2023高教社杯全国大学生数学建模竞赛A题论文展示（A0165）,全国大学生数学建模竞赛组委会,全国大学生数学建模竞赛组委会,2023-11-04,Image,https://dxs.moe.gov.cn/zx/a/hd_sxjm_sxjmlw_2023qgdxssxjmjslwzs_2023atlw/231104/1865112.shtml,,45,1865112,2023A题论文,https://dxs.moe.gov.cn/zx/json/a/hd_sxjm_sxjmlw_2023qgdxssxjmjslwzs_2023atlw/231104/1865112.json,,,1,official_image_pages,
2023,A,A0175,2023高教社杯全国大学生数学建模竞赛A题论文展示（A0175）,全国大学生数学建模竞赛组委会,全国大学生数学建模竞赛组委会,2023-11-04,Image,https://dxs.moe.gov.cn/zx/a/hd_sxjm_sxjmlw_2023qgdxssxjmjslwzs_2023atlw/231104/1865114.shtml,,39,1865114,2023A题论文,https://dxs.moe.gov.cn/zx/json/a/hd_sxjm_sxjmlw_2023qgdxssxjmjslwzs_2023atlw/231104/1865114.json,,,1,official_image_pages,
2023,A,A092,2023高教社杯全国大学生数学建模竞赛A题论文展示（A092）,全国大学生数学建模竞赛组委会,全国大学生数学建模竞赛组委会,2023-11-04,Image,https://dxs.moe.gov.cn/zx/a/hd_sxjm_sxjmlw_2023qgdxssxjmjslwzs_2023atlw/231104/1865104.shtml,,53,1865104,2023A题论文,https://dxs.moe.gov.cn/zx/json/a/hd_sxjm_sxjmlw_2023qgdxssxjmjslwzs_2023atlw/231104/1865104.json,,,1,official_image_pages,
2023,B,B226,2023高教社杯全国大学生数学建模竞赛B题论文展示（B226）,全国大学生数学建模竞赛组委会,全国大学生数学建模竞赛组委会,2023-11-04,Image,https://dxs.moe.gov.cn/zx/a/hd_sxjm_sxjmlw_2023qgdxssxjmjslwzs_2023btlw/231104/1865116.shtml,,51,1865116,2023B题论文,https://dxs.moe.gov.cn/zx/json/a/hd_sxjm_sxjmlw_2023qgdxssxjmjslwzs_2023btlw/231104/1865116.json,,,1,official_image_pages,
2023,B,B311,2023高教社杯全国大学生数学建模竞赛B题论文展示（B311）,全国大学生数学建模竞赛组委会,全国大学生数学建模竞赛组委会,2023-11-04,Image,https://dxs.moe.gov.cn/zx/a/hd_sxjm_sxjmlw_2023qgdxssxjmjslwzs_2023btlw/231104/1865118.shtml,,34,1865118,2023B题论文,https://dxs.moe.gov.cn/zx/json/a/hd_sxjm_sxjmlw_2023qgdxssxjmjslwzs_2023btlw/231104/1865118.json,,,1,official_image_pages,
2023,B,B477,2023高教社杯全国大学生数学建模竞赛B题论文展示（B477）,全国大学生数学建模竞赛组委会,全国大学生数学建模竞赛组委会,2023-11-04,Image,https://dxs.moe.gov.cn/zx/a/hd_sxjm_sxjmlw_2023qgdxssxjmjslwzs_2023btlw/231104/1865120.shtml,,50,1865120,2023B题论文,https://dxs.moe.gov.cn/zx/json/a/hd_sxjm_sxjmlw_2023qgdxssxjmjslwzs_2023btlw/231104/1865120.json,,,1,official_image_pages,
2023,C,C050,2023高教社杯全国大学生数学建模竞赛C题论文展示（C050）,全国大学生数学建模竞赛组委会,全国大学生数学建模竞赛组委会,2023-11-04,Image,https://dxs.moe.gov.cn/zx/a/hd_sxjm_sxjmlw_2023qgdxssxjmjslwzs_2023ctlw/231104/1865124.shtml,,44,1865124,2023C题论文,https://dxs.moe.gov.cn/zx/json/a/hd_sxjm_sxjmlw_2023qgdxssxjmjslwzs_2023ctlw/231104/1865124.json,,,1,official_image_pages,
2023,C,C126,2023高教社杯全国大学生数学建模竞赛C题论文展示（C126）,全国大学生数学建模竞赛组委会,全国大学生数学建模竞赛组委会,2023-11-04,Image,https://dxs.moe.gov.cn/zx/a/hd_sxjm_sxjmlw_2023qgdxssxjmjslwzs_2023ctlw/231104/1865126.shtml,,74,1865126,2023C题论文,https://dxs.moe.gov.cn/zx/json/a/hd_sxjm_sxjmlw_2023qgdxssxjmjslwzs_2023ctlw/231104/1865126.json,,,1,official_image_pages,
2023,C,C228,2023高教社杯全国大学生数学建模竞赛C题论文展示（C228）,全国大学生数学建模竞赛组委会,全国大学生数学建模竞赛组委会,2023-11-04,Image,https://dxs.moe.gov.cn/zx/a/hd_sxjm_sxjmlw_2023qgdxssxjmjslwzs_2023ctlw/231104/1865128.shtml,,70,1865128,2023C题论文,https://dxs.moe.gov.cn/zx/json/a/hd_sxjm_sxjmlw_2023qgdxssxjmjslwzs_2023ctlw/231104/1865128.json,,,1,official_image_pages,
2023,D,D039,2023高教社杯全国大学生数学建模竞赛D题论文展示（D039）,全国大学生数学建模竞赛组委会,全国大学生数学建模竞赛组委会,2023-11-04,Image,https://dxs.moe.gov.cn/zx/a/hd_sxjm_sxjmlw_2023qgdxssxjmjslwzs_2023dtlw/231104/1865132.shtml,,31,1865132,2023D题论文,https://dxs.moe.gov.cn/zx/json/a/hd_sxjm_sxjmlw_2023qgdxssxjmjslwzs_2023dtlw/231104/1865132.json,,,1,official_image_pages,
2023,E,E032,2023高教社杯全国大学生数学建模竞赛E题论文展示（E032）,全国大学生数学建模竞赛组委会,全国大学生数学建模竞赛组委会,2023-11-04,Image,https://dxs.moe.gov.cn/zx/a/hd_sxjm_sxjmlw_2023qgdxssxjmjslwzs_2023etlw/231104/1865134.shtml,,53,1865134,2023E题论文,https://dxs.moe.gov.cn/zx/json/a/hd_sxjm_sxjmlw_2023qgdxssxjmjslwzs_2023etlw/231104/1865134.json,,,1,official_image_pages,
2023,E,E176,2023高教社杯全国大学生数学建模竞赛E题论文展示（E176）,全国大学生数学建模竞赛组委会,全国大学生数学建模竞赛组委会,2023-11-04,Image,https://dxs.moe.gov.cn/zx/a/hd_sxjm_sxjmlw_2023qgdxssxjmjslwzs_2023etlw/231104/1865138.shtml,,56,1865138,2023E题论文,https://dxs.moe.gov.cn/zx/json/a/hd_sxjm_sxjmlw_2023qgdxssxjmjslwzs_2023etlw/231104/1865138.json,,,1,official_image_pages,
2024,A,A016,2024高教社杯全国大学生数学建模竞赛A题论文展示（A016）,全国大学生数学建模竞赛组委会,全国大学生数学建模竞赛组委会,2024-11-04,Image,https://dxs.moe.gov.cn/zx/a/hd_sxjm_sxjmlw_2024qgdxssxjmjslwzs_2024atlw/241104/1977931.shtml,,59,1977931,2024A题论文,https://dxs.moe.gov.cn/zx/json/a/hd_sxjm_sxjmlw_2024qgdxssxjmjslwzs_2024atlw/241104/1977931.json,,,1,official_image_pages,
2024,A,A053,2024高教社杯全国大学生数学建模竞赛A题论文展示（A053）,全国大学生数学建模竞赛组委会,全国大学生数学建模竞赛组委会,2024-11-04,Image,https://dxs.moe.gov.cn/zx/a/hd_sxjm_sxjmlw_2024qgdxssxjmjslwzs_2024atlw/241104/1977933.shtml,,62,1977933,2024A题论文,https://dxs.moe.gov.cn/zx/json/a/hd_sxjm_sxjmlw_2024qgdxssxjmjslwzs_2024atlw/241104/1977933.json,,,1,official_image_pages,
2024,A,A163,2024高教社杯全国大学生数学建模竞赛A题论文展示（A163）,全国大学生数学建模竞赛组委会,全国大学生数学建模竞赛组委会,2024-11-04,Image,https://dxs.moe.gov.cn/zx/a/hd_sxjm_sxjmlw_2024qgdxssxjmjslwzs_2024atlw/241104/1977935.shtml,,45,1977935,2024A题论文,https://dxs.moe.gov.cn/zx/json/a/hd_sxjm_sxjmlw_2024qgdxssxjmjslwzs_2024atlw/241104/1977935.json,,,1,official_image_pages,
2024,A,A178,2024高教社杯全国大学生数学建模竞赛A题论文展示（A178）,全国大学生数学建模竞赛组委会,全国大学生数学建模竞赛组委会,2024-11-04,Image,https://dxs.moe.gov.cn/zx/a/hd_sxjm_sxjmlw_2024qgdxssxjmjslwzs_2024atlw/241104/1977937.shtml,,48,1977937,2024A题论文,https://dxs.moe.gov.cn/zx/json/a/hd_sxjm_sxjmlw_2024qgdxssxjmjslwzs_2024atlw/241104/1977937.json,,,1,official_image_pages,
2024,A,A242,2024高教社杯全国大学生数学建模竞赛A题论文展示（A242）,全国大学生数学建模竞赛组委会,全国大学生数学建模竞赛组委会,2024-11-04,Image,https://dxs.moe.gov.cn/zx/a/hd_sxjm_sxjmlw_2024qgdxssxjmjslwzs_2024atlw/241104/1977939.shtml,,58,1977939,2024A题论文,https://dxs.moe.gov.cn/zx/json/a/hd_sxjm_sxjmlw_2024qgdxssxjmjslwzs_2024atlw/241104/1977939.json,,,1,official_image_pages,
2024,B,B159,2024高教社杯全国大学生数学建模竞赛B题论文展示（B159）,全国大学生数学建模竞赛组委会,全国大学生数学建模竞赛组委会,2024-11-04,Image,https://dxs.moe.gov.cn/zx/a/hd_sxjm_sxjmlw_2024qgdxssxjmjslwzs_2024btlw/241104/1977943.shtml,,37,1977943,2024B题论文,https://dxs.moe.gov.cn/zx/json/a/hd_sxjm_sxjmlw_2024qgdxssxjmjslwzs_2024btlw/241104/1977943.json,,,1,official_image_pages,
2024,B,B195,2024高教社杯全国大学生数学建模竞赛B题论文展示（B195）,全国大学生数学建模竞赛组委会,全国大学生数学建模竞赛组委会,2024-11-04,Image,https://dxs.moe.gov.cn/zx/a/hd_sxjm_sxjmlw_2024qgdxssxjmjslwzs_2024btlw/241104/1977945.shtml,,70,1977945,2024B题论文,https://dxs.moe.gov.cn/zx/json/a/hd_sxjm_sxjmlw_2024qgdxssxjmjslwzs_2024btlw/241104/1977945.json,,,1,official_image_pages,
2024,B,B196,2024高教社杯全国大学生数学建模竞赛B题论文展示（B196）,全国大学生数学建模竞赛组委会,全国大学生数学建模竞赛组委会,2024-11-04,Image,https://dxs.moe.gov.cn/zx/a/hd_sxjm_sxjmlw_2024qgdxssxjmjslwzs_2024btlw/241104/1977950.shtml,,28,1977950,2024B题论文,https://dxs.moe.gov.cn/zx/json/a/hd_sxjm_sxjmlw_2024qgdxssxjmjslwzs_2024btlw/241104/1977950.json,,,1,official_image_pages,
2024,C,C038,2024高教社杯全国大学生数学建模竞赛C题论文展示（C038）,全国大学生数学建模竞赛组委会,全国大学生数学建模竞赛组委会,2024-11-04,Image,https://dxs.moe.gov.cn/zx/a/hd_sxjm_sxjmlw_2024qgdxssxjmjslwzs_2024ctlw/241104/1977952.shtml,,61,1977952,2024C题论文,https://dxs.moe.gov.cn/zx/json/a/hd_sxjm_sxjmlw_2024qgdxssxjmjslwzs_2024ctlw/241104/1977952.json,,,1,official_image_pages,
2024,C,C063,2024高教社杯全国大学生数学建模竞赛C题论文展示（C063）,全国大学生数学建模竞赛组委会,全国大学生数学建模竞赛组委会,2024-11-04,Image,https://dxs.moe.gov.cn/zx/a/hd_sxjm_sxjmlw_2024qgdxssxjmjslwzs_2024ctlw/241104/1977958.shtml,,49,1977958,2024C题论文,https://dxs.moe.gov.cn/zx/json/a/hd_sxjm_sxjmlw_2024qgdxssxjmjslwzs_2024ctlw/241104/1977958.json,,,1,official_image_pages,
2024,C,C094,2024高教社杯全国大学生数学建模竞赛C题论文展示（C094）,全国大学生数学建模竞赛组委会,全国大学生数学建模竞赛组委会,2024-11-04,Image,https://dxs.moe.gov.cn/zx/a/hd_sxjm_sxjmlw_2024qgdxssxjmjslwzs_2024ctlw/241104/1977961.shtml,,58,1977961,2024C题论文,https://dxs.moe.gov.cn/zx/json/a/hd_sxjm_sxjmlw_2024qgdxssxjmjslwzs_2024ctlw/241104/1977961.json,,,1,official_image_pages,
2024,C,C234,2024高教社杯全国大学生数学建模竞赛C题论文展示（C234）,全国大学生数学建模竞赛组委会,全国大学生数学建模竞赛组委会,2024-11-04,Image,https://dxs.moe.gov.cn/zx/a/hd_sxjm_sxjmlw_2024qgdxssxjmjslwzs_2024ctlw/241104/1977963.shtml,,45,1977963,2024C题论文,https://dxs.moe.gov.cn/zx/json/a/hd_sxjm_sxjmlw_2024qgdxssxjmjslwzs_2024ctlw/241104/1977963.json,,,1,official_image_pages,
2024,D,D033,2024高教社杯全国大学生数学建模竞赛D题论文展示（D033）,全国大学生数学建模竞赛组委会,全国大学生数学建模竞赛组委会,2024-11-04,Image,https://dxs.moe.gov.cn/zx/a/hd_sxjm_sxjmlw_2024qgdxssxjmjslwzs_2024dtlw/241104/1977965.shtml,,55,1977965,2024D题论文,https://dxs.moe.gov.cn/zx/json/a/hd_sxjm_sxjmlw_2024qgdxssxjmjslwzs_2024dtlw/241104/1977965.json,,,1,official_image_pages,
2024,E,E010,2024高教社杯全国大学生数学建模竞赛E题论文展示（E010）,全国大学生数学建模竞赛组委会,全国大学生数学建模竞赛组委会,2024-11-04,Image,https://dxs.moe.gov.cn/zx/a/hd_sxjm_sxjmlw_2024qgdxssxjmjslwzs_2024etlw/241104/1977967.shtml,,39,1977967,2024E题论文,https://dxs.moe.gov.cn/zx/json/a/hd_sxjm_sxjmlw_2024qgdxssxjmjslwzs_2024etlw/241104/1977967.json,,,1,official_image_pages,
2024,E,E061,2024高教社杯全国大学生数学建模竞赛E题论文展示（E061）,全国大学生数学建模竞赛组委会,全国大学生数学建模竞赛组委会,2024-11-04,Image,https://dxs.moe.gov.cn/zx/a/hd_sxjm_sxjmlw_2024qgdxssxjmjslwzs_2024etlw/241104/1977969.shtml,,32,1977969,2024E题论文,https://dxs.moe.gov.cn/zx/json/a/hd_sxjm_sxjmlw_2024qgdxssxjmjslwzs_2024etlw/241104/1977969.json,,,1,official_image_pages,
2024,E,E218,2024高教社杯全国大学生数学建模竞赛E题论文展示（E218）,全国大学生数学建模竞赛组委会,全国大学生数学建模竞赛组委会,2024-11-04,Image,https://dxs.moe.gov.cn/zx/a/hd_sxjm_sxjmlw_2024qgdxssxjmjslwzs_2024etlw/241104/1977971.shtml,,62,1977971,2024E题论文,https://dxs.moe.gov.cn/zx/json/a/hd_sxjm_sxjmlw_2024qgdxssxjmjslwzs_2024etlw/241104/1977971.json,,,1,official_image_pages,
2025,A,A196,2025高教社杯全国大学生数学建模竞赛A题论文展示（A196）,全国大学生数学建模竞赛组委会,全国大学生数学建模竞赛组委会,2025-11-01,Image,https://dxs.moe.gov.cn/zx/a/hd_sxjm_sxjmlw_2025qgdxssxjmjslwzs_2025atlw/251101/2022729.shtml,,98,2022729,2025A题论文,https://dxs.moe.gov.cn/zx/json/a/hd_sxjm_sxjmlw_2025qgdxssxjmjslwzs_2025atlw/251101/2022729.json,,,1,official_image_pages,
2025,B,B060,2025高教社杯全国大学生数学建模竞赛B题论文展示（B060）,全国大学生数学建模竞赛组委会,全国大学生数学建模竞赛组委会,2025-11-01,Image,https://dxs.moe.gov.cn/zx/a/hd_sxjm_sxjmlw_2025qgdxssxjmjslwzs_2025btlw/251101/2022733.shtml,,72,2022733,2025B题论文,https://dxs.moe.gov.cn/zx/json/a/hd_sxjm_sxjmlw_2025qgdxssxjmjslwzs_2025btlw/251101/2022733.json,,,1,official_image_pages,
2025,B,B157,2025高教社杯全国大学生数学建模竞赛B题论文展示（B157）,全国大学生数学建模竞赛组委会,全国大学生数学建模竞赛组委会,2025-11-07,Image,https://dxs.moe.gov.cn/zx/a/hd_sxjm_sxjmlw_2025qgdxssxjmjslwzs_2025btlw/251107/2023197.shtml,,67,2023197,2025B题论文,https://dxs.moe.gov.cn/zx/json/a/hd_sxjm_sxjmlw_2025qgdxssxjmjslwzs_2025btlw/251107/2023197.json,,,1,official_image_pages,
2025,C,C023,2025高教社杯全国大学生数学建模竞赛C题论文展示（C023）,全国大学生数学建模竞赛组委会,全国大学生数学建模竞赛组委会,2025-11-01,Image,https://dxs.moe.gov.cn/zx/a/hd_sxjm_sxjmlw_2025qgdxssxjmjslwzs_2025ctlw/251101/2022736.shtml,,100,2022736,2025C题论文,https://dxs.moe.gov.cn/zx/json/a/hd_sxjm_sxjmlw_2025qgdxssxjmjslwzs_2025ctlw/251101/2022736.json,,,1,official_image_pages,
2025,C,C132,2025高教社杯全国大学生数学建模竞赛C题论文展示（C132）,,,2025-11-01,Image,https://dxs.moe.gov.cn/zx/a/hd_sxjm_sxjmlw_2025qgdxssxjmjslwzs_2025ctlw/251101/2022740.shtml,,65,2022740,2025C题论文,https://dxs.moe.gov.cn/zx/json/a/hd_sxjm_sxjmlw_2025qgdxssxjmjslwzs_2025ctlw/251101/2022740.json,,,1,official_image_pages,
2025,D,D037,2025高教社杯全国大学生数学建模竞赛D题论文展示（D037）,,,2025-11-01,Image,https://dxs.moe.gov.cn/zx/a/hd_sxjm_sxjmlw_2025qgdxssxjmjslwzs_2025dtlw/251101/2022742.shtml,,37,2022742,2025D题论文,https://dxs.moe.gov.cn/zx/json/a/hd_sxjm_sxjmlw_2025qgdxssxjmjslwzs_2025dtlw/251101/2022742.json,,,1,official_image_pages,
2025,E,E030,2025高教社杯全国大学生数学建模竞赛E题论文展示（E030）,,,2025-11-01,Image,https://dxs.moe.gov.cn/zx/a/hd_sxjm_sxjmlw_2025qgdxssxjmjslwzs_2025etlw/251101/2022744.shtml,,36,2022744,2025E题论文,https://dxs.moe.gov.cn/zx/json/a/hd_sxjm_sxjmlw_2025qgdxssxjmjslwzs_2025etlw/251101/2022744.json,,,1,official_image_pages,
